<?xml version="1.0" encoding="UTF-8"?>
<!DOCTYPE mapper PUBLIC "-//mybatis.org//DTD Mapper 3.0//EN" "http://mybatis.org/dtd/mybatis-3-mapper.dtd">
<!--命名空间-->
<mapper namespace="com.ma.boku.mapper.TeacherMapper">
    <!--结果集-->
    <resultMap id="UserResultMap" type="com.ma.boku.pojo.School">

        <id column="id" jdbcType="INTEGER" property="id"/>
        <result column="schoolname" jdbcType="VARCHAR" property="schoolname"/>
        <result column="img" jdbcType="VARCHAR" property="img"/>
        <result column="address" jdbcType="VARCHAR" property="address"/>
        <result column="introduction" jdbcType="VARCHAR" property="introduction"/>

        <collection property="userList" ofType="User">

            <id column="id" jdbcType="INTEGER" property="id"/>
            <result column="account" jdbcType="VARCHAR" property="account"/>
            <result column="username" jdbcType="VARCHAR" property="username"/>
            <result column="password" jdbcType="VARCHAR" property="password"/>
            <result column="tel" jdbcType="VARCHAR" property="tel"/>
            <result column="home" jdbcType="VARCHAR" property="home"/>
            <result column="schoolid" jdbcType="INTEGER" property="schoolid"/>
            <result column="rid" jdbcType="INTEGER" property="rid"/>

            <association property="role" javaType="Role">
                <id column="rid" jdbcType="INTEGER" property="rid"/>
                <result column="rolename" jdbcType="VARCHAR" property="rolename"/>
            </association>

        </collection>

    </resultMap>
    <select id="getList" resultMap="UserResultMap">
        select user.*,role.*,school.* from user left join role on user.rid = role.rid left join school on school.id = user.schoolid where role.rolename = '教师'
    </select>
    <select id="findByID" resultMap="UserResultMap">
        select user.*,role.*,school.* from user left join role on user.rid = role.rid left join school on school.id = user.schoolid where role.rolename = '教师' and user.id = #{id}
    </select>
    <select id="selteacher" resultMap="UserResultMap">
        SELECT
	USER .*, role.*, school.*
FROM
	USER
LEFT JOIN role ON USER .rid = role.rid
LEFT JOIN school ON school.id = USER .schoolid
WHERE
	user.rid = 2 and ( `user`.username like '%${name}%' or tel like '%${name}%'  or schoolname like '%${name}%' or home like '%${name}%')
    </select>
</mapper>